{"root": [0.9831965565681458, 0.1825500875711441, 0.0, 0.0], "pelvis": [1.0, 0.0, 0.0, 0.0], "left_hip": [0.9803570508956909, -0.1871035397052765, 0.011695644818246365, 0.06128108873963356], "left_knee": [1.0, 0.0, 0.0, 0.0], "left_ankle": [1.0, 0.0, 0.0, 0.0], "left_foot": [1.0, 0.0, 0.0, 0.0], "right_hip": [0.9581341743469238, -0.24710524082183838, -0.11056799441576004, -0.09323453158140182], "right_knee": [1.0, 0.0, 0.0, 0.0], "right_ankle": [1.0, 0.0, 0.0, 0.0], "right_foot": [1.0, 0.0, 0.0, 0.0], "spine1": [0.9875396490097046, 0.08353211730718613, 0.10246552526950836, 0.08537296950817108], "spine2": [0.9886301159858704, 0.14251801371574402, 0.04792533814907074, 0.0015172725543379784], "spine3": [1.0, 0.0, 0.0, 0.0], "neck": [1.0, 0.0, 0.0, 0.0], "head": [1.0, 0.0, 0.0, 0.0], "jaw": [1.0, 0.0, 0.0, 0.0], "left_eye_smplhf": [1.0, 0.0, 0.0, 0.0], "right_eye_smplhf": [1.0, 0.0, 0.0, 0.0], "left_collar": [0.9913573265075684, -0.05608949810266495, -0.010993658564984798, 0.1180839017033577], "left_shoulder": [0.8870672583580017, -0.35740187764167786, -0.2754471004009247, -0.09749001264572144], "left_elbow": [0.8867602348327637, -0.020115604624152184, -0.4597042500972748, 0.04386017844080925], "left_wrist": [0.8202753663063049, -0.3358926773071289, -0.4589070677757263, 0.06106363609433174], "left_index1": [0.9766246676445007, 0.05540359392762184, 0.02127872407436371, -0.20659597218036652], "left_index2": [0.9273883700370789, 0.053082339465618134, -0.03219034895300865, -0.3689131438732147], "left_index3": [0.9933730363845825, -0.04808998852968216, -0.04535738378763199, -0.09402143210172653], "left_middle1": [0.9631039500236511, -0.058319512754678726, 0.025157874450087547, -0.26152756810188293], "left_middle2": [0.9356369376182556, -0.07030103355646133, 0.02702568657696247, -0.344834566116333], "left_middle3": [0.9846544861793518, -0.009542343206703663, -0.04593200981616974, -0.1680915802717209], "left_pinky1": [0.9212309122085571, -0.22248440980911255, -0.09555134177207947, -0.30447372794151306], "left_pinky2": [0.9618237614631653, -0.10595694929361343, -0.03257814794778824, -0.25021371245384216], "left_pinky3": [0.9817239046096802, -0.18373459577560425, -0.02998827025294304, -0.03950268402695656], "left_ring1": [0.9465586543083191, -0.06966666132211685, -0.04215887188911438, -0.31208309531211853], "left_ring2": [0.9388806223869324, -0.1485680192708969, -0.028348444029688835, -0.3092363476753235], "left_ring3": [0.9766091704368591, -0.08737275749444962, -0.06553076207637787, -0.18521948158740997], "left_thumb1": [0.9005428552627563, 0.41128066182136536, 0.13383989036083221, -0.044246215373277664], "left_thumb2": [0.9684991240501404, -0.24728994071483612, 0.013138514943420887, 0.026162218302488327], "left_thumb3": [0.9546145796775818, 0.26371610164642334, 0.022631797939538956, -0.13657459616661072], "right_collar": [1.0, 0.0, 0.0, 0.0], "right_shoulder": [0.7872076034545898, -0.293354868888855, 0.5196176171302795, 0.15570701658725739], "right_elbow": [0.6412514448165894, -0.3318881690502167, 0.5942674875259399, 0.3542499542236328], "right_wrist": [1.0, 0.0, 0.0, 0.0], "right_index1": [0.9766246676445007, 0.05540359392762184, -0.02127872407436371, 0.20659597218036652], "right_index2": [0.9273883700370789, 0.053082339465618134, 0.03219034895300865, 0.3689131438732147], "right_index3": [0.9933730363845825, -0.04808998852968216, 0.04535738378763199, 0.09402143210172653], "right_middle1": [0.9631039500236511, -0.058319512754678726, -0.025157874450087547, 0.26152756810188293], "right_middle2": [0.9356369376182556, -0.07030103355646133, -0.02702568657696247, 0.344834566116333], "right_middle3": [0.9846544861793518, -0.009542343206703663, 0.04593200981616974, 0.1680915802717209], "right_pinky1": [0.9212309122085571, -0.22248440980911255, 0.09555134177207947, 0.30447372794151306], "right_pinky2": [0.9618237614631653, -0.10595694929361343, 0.03257814794778824, 0.25021371245384216], "right_pinky3": [0.9817239046096802, -0.18373459577560425, 0.02998827025294304, 0.03950268402695656], "right_ring1": [0.9465586543083191, -0.06966666132211685, 0.04215887188911438, 0.31208309531211853], "right_ring2": [0.9388806223869324, -0.1485680192708969, 0.028348444029688835, 0.3092363476753235], "right_ring3": [0.9766091704368591, -0.08737275749444962, 0.06553076207637787, 0.18521948158740997], "right_thumb1": [0.9005428552627563, 0.41128066182136536, -0.13383989036083221, 0.044246215373277664], "right_thumb2": [0.9684991240501404, -0.24728994071483612, -0.013138514943420887, -0.026162218302488327], "right_thumb3": [0.9546145796775818, 0.26371610164642334, -0.022631797939538956, 0.13657459616661072]}