{"root": [1.0, 0.0, 0.0, 0.0], "pelvis": [1.0, 0.0, 0.0, 0.0], "left_hip": [0.9799606800079346, -0.18659168481826782, 0.037444423884153366, 0.05880924314260483], "left_knee": [0.9822856783866882, 0.174959197640419, 0.06693417578935623, -0.004896370228379965], "left_ankle": [1.0, 0.0, 0.0, 0.0], "left_foot": [1.0, 0.0, 0.0, 0.0], "right_hip": [0.9286855459213257, -0.012893527746200562, -0.3692224323749542, -0.032430410385131836], "right_knee": [0.9848077297210693, 0.1736481785774231, 0.0, 0.0], "right_ankle": [1.0, 0.0, 0.0, 0.0], "right_foot": [1.0, 0.0, 0.0, 0.0], "spine1": [0.9727573990821838, 0.04612467810511589, -0.22718274593353271, -0.0019175070337951183], "spine2": [1.0, 0.0, 0.0, 0.0], "spine3": [1.0, 0.0, 0.0, 0.0], "neck": [0.9729999899864197, 0.0, 0.22699999809265137, 0.0], "head": [1.0, 0.0, 0.0, 0.0], "jaw": [1.0, 0.0, 0.0, 0.0], "left_eye_smplhf": [1.0, 0.0, 0.0, 0.0], "right_eye_smplhf": [1.0, 0.0, 0.0, 0.0], "left_collar": [0.9768523573875427, -0.03389778360724449, -0.0650126188993454, 0.2009572684764862], "left_shoulder": [0.7826932072639465, -0.39080238342285156, -0.44364577531814575, -0.19453398883342743], "left_elbow": [0.9926921725273132, 0.05805305391550064, -0.07203332334756851, -0.07748228311538696], "left_wrist": [1.0, 0.0, 0.0, 0.0], "left_index1": [1.0, 0.0, 0.0, 0.0], "left_index2": [1.0, 0.0, 0.0, 0.0], "left_index3": [1.0, 0.0, 0.0, 0.0], "left_middle1": [1.0, 0.0, 0.0, 0.0], "left_middle2": [1.0, 0.0, 0.0, 0.0], "left_middle3": [1.0, 0.0, 0.0, 0.0], "left_pinky1": [1.0, 0.0, 0.0, 0.0], "left_pinky2": [1.0, 0.0, 0.0, 0.0], "left_pinky3": [1.0, 0.0, 0.0, 0.0], "left_ring1": [1.0, 0.0, 0.0, 0.0], "left_ring2": [1.0, 0.0, 0.0, 0.0], "left_ring3": [1.0, 0.0, 0.0, 0.0], "left_thumb1": [1.0, 0.0, 0.0, 0.0], "left_thumb2": [1.0, 0.0, 0.0, 0.0], "left_thumb3": [1.0, 0.0, 0.0, 0.0], "right_collar": [1.0, 0.0, 0.0, 0.0], "right_shoulder": [0.6876565217971802, -0.13847370445728302, 0.4858812093734741, 0.521414577960968], "right_elbow": [0.5182589888572693, -0.07548774778842926, 0.8512954115867615, -0.03171083703637123], "right_wrist": [1.0, 0.0, 0.0, 0.0], "right_index1": [1.0, 0.0, 0.0, 0.0], "right_index2": [1.0, 0.0, 0.0, 0.0], "right_index3": [1.0, 0.0, 0.0, 0.0], "right_middle1": [1.0, 0.0, 0.0, 0.0], "right_middle2": [1.0, 0.0, 0.0, 0.0], "right_middle3": [1.0, 0.0, 0.0, 0.0], "right_pinky1": [1.0, 0.0, 0.0, 0.0], "right_pinky2": [1.0, 0.0, 0.0, 0.0], "right_pinky3": [1.0, 0.0, 0.0, 0.0], "right_ring1": [1.0, 0.0, 0.0, 0.0], "right_ring2": [1.0, 0.0, 0.0, 0.0], "right_ring3": [1.0, 0.0, 0.0, 0.0], "right_thumb1": [1.0, 0.0, 0.0, 0.0], "right_thumb2": [1.0, 0.0, 0.0, 0.0], "right_thumb3": [1.0, 0.0, 0.0, 0.0]}