{"root": [1.0, 0.0, 0.0, 0.0], "pelvis": [0.956720769405365, -0.14542296528816223, 0.24764326214790344, -0.04701537266373634], "left_hip": [0.9235756993293762, -0.05161236226558685, 0.29018592834472656, 0.24522684514522552], "left_knee": [0.9822856783866882, 0.174959197640419, 0.06693417578935623, -0.004896370228379965], "left_ankle": [1.0, 0.0, 0.0, 0.0], "left_foot": [1.0, 0.0, 0.0, 0.0], "right_hip": [0.5817068815231323, -0.5677849054336548, 0.36287733912467957, -0.455585241317749], "right_knee": [0.9848077297210693, 0.1736481785774231, 0.0, 0.0], "right_ankle": [0.8559364080429077, 0.4981216788291931, 0.13314691185951233, -0.038982734084129333], "right_foot": [1.0, 0.0, 0.0, 0.0], "spine1": [0.9716992378234863, 0.070856474339962, -0.2252054512500763, 0.007905576378107071], "spine2": [1.0, 0.0, 0.0, 0.0], "spine3": [1.0, 0.0, 0.0, 0.0], "neck": [0.9729999899864197, 0.0, 0.22699999809265137, 0.0], "head": [1.0, 0.0, 0.0, 0.0], "jaw": [1.0, 0.0, 0.0, 0.0], "left_eye_smplhf": [1.0, 0.0, 0.0, 0.0], "right_eye_smplhf": [1.0, 0.0, 0.0, 0.0], "left_collar": [1.0, 0.0, 0.0, 0.0], "left_shoulder": [0.8859744668006897, -0.18482691049575806, -0.1469084769487381, -0.39913204312324524], "left_elbow": [0.4024622142314911, -0.12199937552213669, -0.9072039723396301, -0.011015977710485458], "left_wrist": [1.0, 0.0, 0.0, 0.0], "left_index1": [1.0, 0.0, 0.0, 0.0], "left_index2": [1.0, 0.0, 0.0, 0.0], "left_index3": [1.0, 0.0, 0.0, 0.0], "left_middle1": [1.0, 0.0, 0.0, 0.0], "left_middle2": [1.0, 0.0, 0.0, 0.0], "left_middle3": [1.0, 0.0, 0.0, 0.0], "left_pinky1": [1.0, 0.0, 0.0, 0.0], "left_pinky2": [1.0, 0.0, 0.0, 0.0], "left_pinky3": [1.0, 0.0, 0.0, 0.0], "left_ring1": [1.0, 0.0, 0.0, 0.0], "left_ring2": [1.0, 0.0, 0.0, 0.0], "left_ring3": [1.0, 0.0, 0.0, 0.0], "left_thumb1": [1.0, 0.0, 0.0, 0.0], "left_thumb2": [1.0, 0.0, 0.0, 0.0], "left_thumb3": [1.0, 0.0, 0.0, 0.0], "right_collar": [1.0, 0.0, 0.0, 0.0], "right_shoulder": [0.6876565217971802, -0.13847370445728302, 0.4858812093734741, 0.521414577960968], "right_elbow": [0.8637719750404358, -0.3983859419822693, 0.24982458353042603, 0.18103742599487305], "right_wrist": [1.0, 0.0, 0.0, 0.0], "right_index1": [1.0, 0.0, 0.0, 0.0], "right_index2": [1.0, 0.0, 0.0, 0.0], "right_index3": [1.0, 0.0, 0.0, 0.0], "right_middle1": [1.0, 0.0, 0.0, 0.0], "right_middle2": [1.0, 0.0, 0.0, 0.0], "right_middle3": [1.0, 0.0, 0.0, 0.0], "right_pinky1": [1.0, 0.0, 0.0, 0.0], "right_pinky2": [1.0, 0.0, 0.0, 0.0], "right_pinky3": [1.0, 0.0, 0.0, 0.0], "right_ring1": [1.0, 0.0, 0.0, 0.0], "right_ring2": [1.0, 0.0, 0.0, 0.0], "right_ring3": [1.0, 0.0, 0.0, 0.0], "right_thumb1": [1.0, 0.0, 0.0, 0.0], "right_thumb2": [1.0, 0.0, 0.0, 0.0], "right_thumb3": [1.0, 0.0, 0.0, 0.0]}